id,name,desc,type,clazz,rarity,cost,combo,price,level,exp,bHp,bAtk,bRcv,mHp,mAtk,mRcv,specName,specDesc,capName,capDesc
132,Striker Group Cabin Boy Blue Pirates,"Pirate new recruit. Moves quickly, but can't use his weapon very well.",3,3,1,1,6,50,10,2330,79,45,13,281,105,30,[DEX] Slot Change [QCK],Changes [DEX] slot to [QCK] slot,None,None
153,Striker Group Crew Blue Pirates,Pirate fighter. Thinks a spear is better than a sword because of its superior reach.,3,3,2,5,5,100,25,33626,190,74,22,483,309,73,[DEX] Slot Change [QCK],Changes [DEX] slot to [QCK] slot,None,None
138,Shooter Group Cabin Boy Green Pirates,"Pirate new recruit. Neglects his chores, but always keeps his pistol clean.",2,4,1,3,6,50,10,2330,37,15,26,123,51,81,[DEX] Slot Change [RCV],Changes [DEX] slot to [RCV] slot,None,None
159,Shooter Group Crew Green Pirates,Pirate fighter. Confident that he can handle any type of gun.,2,4,2,7,5,100,30,57558,65,19,63,281,113,205,[DEX] Slot Change [RCV],Changes [DEX] slot to [RCV] slot,None,None
237,Knuckle Millions Baroque Works,An agent for the shadowy Baroque Works organization. He works below the Frontier Agents. Joined the group on a whim before realizing how harsh the punishments were for messing up a job.,1,1,2,5,6,100,25,33626,185,89,21,532,352,50,[DEX] Slot Change [STR],Changes [DEX] slots to [STR],None,None
242,Knuckle Billions Baroque Works,An agent for the shadowy Baroque Works organization. He works below the Officer Agents. A potential future Frontier Agent candidate.,1,1,3,9,5,150,50,261406,466,301,32,850,580,85,[DEX] Slot Change [STR],Changes [DEX] slots to [STR],None,None
163,"Bodyguard, 'Sunglasses'","Bodyguard who protects Kaya's mansion. He always wears sunglasses. During the execution of Captain Kuro's plan, he took a leave of absence from the mansion.",2,4,1,4,5,50,20,8728,115,50,30,370,180,90,[DEX] Slot Change [TND],Changes [DEX] slot to [TND] slot,None,None
129,Slasher Group Cabin Boy Yellow Pirates,Pirate new recruit. Concentrates on mental training rather than combat.,4,2,1,3,6,50,15,7532,63,38,14,325,114,35,[INT] Slot Change [PSY],Changes [INT] slot to [PSY] slot,None,None
150,Slasher Group Crew Yellow Pirates,Pirate fighter. He secretly names his best combat moves but has never told anyone out of shame.,4,2,2,7,5,100,35,90778,152,73,29,629,369,94,[INT] Slot Change [PSY],Changes [INT] slot to [PSY] slot,None,None
59,Nezumi,Captain of the Navy's 16th Branch. He was taking bribes from Arlong and tried to steal the money Nami was saving.,5,4,2,6,6,50,30,28779,55,55,55,150,130,204,[PSY] Slot Change [INT],Changes [PSY] slot to [INT] slot,Subsistence Skill,INT type characters' ATK x 1.2
139,Shooter Group Cabin Boy Yellow Pirates,Pirate new recruit. Hopes to become a cold-blooded sniper.,4,4,1,3,6,50,10,2330,35,13,27,107,47,85,[PSY] Slot Change [RCV],Changes [PSY] slot to [RCV] slot,None,None
160,Shooter Group Crew Yellow Pirates,Pirate fighter. He's got a steady trigger finger even in the middle of battle.,4,4,2,7,5,100,30,57558,55,15,66,227,98,219,[PSY] Slot Change [RCV],Changes [PSY] slot to [RCV] slot,None,None
128,Slasher Group Cabin Boy Green Pirates,Pirate new recruit. He's great at visualizing and combat theory for battles.,2,2,1,3,6,50,15,7532,69,44,11,341,115,33,[QCK] Slot Change [DEX],Changes [QCK] slot to [DEX] slot,None,None
133,Striker Group Cabin Boy Green Pirates,"Pirate new recruit. Honed his skills fighting fish, but they don't seem to work well on humans.",2,3,1,1,6,50,10,2330,73,45,14,255,103,35,[QCK] Slot Change [DEX],Changes [QCK] slot to [DEX] slot,None,None
149,Slasher Group Crew Green Pirates,Pirate fighter. Did some cooking in the galley and now his knife skills are top class.,2,2,2,7,5,100,35,90778,162,83,24,665,375,86,[QCK] Slot Change [DEX],Changes [QCK] slot to [DEX] slot,None,None
154,Striker Group Crew Green Pirates,Pirate fighter. Has the ability to spin his spear around. ,2,3,2,5,5,100,25,33626,176,75,24,429,318,79,[QCK] Slot Change [DEX],Changes [QCK] slot to [DEX] slot,None,None
241,Bazooka Millions Baroque Works,An agent for the shadowy Baroque Works organization. He works below the Frontier Agents. Only recently learned about the group's generous company travel program.,5,4,2,5,4,100,25,33626,203,113,10,640,388,20,[QCK] Slot Change [INT],Changes [QCK] slots to [INT],None,None
246,Bazooka Billions Baroque Works,"An agent for the shadowy Baroque Works organization. He works below the Officer Agents. Works hard for the group, hoping to become a numbered agent and team up with a cute female partner.",5,4,3,9,4,150,50,261406,550,319,12,1020,655,32,[QCK] Slot Change [INT],Changes [QCK] slots to [INT],None,None
134,Striker Group Cabin Boy Yellow Pirates,"Pirate new recruit. He's got the will to fight, but not the skill.",4,3,1,1,6,50,10,2330,67,42,16,253,101,36,[QCK] Slot Change [RCV],Changes [QCK] slot to [RCV] slot,None,None
155,Striker Group Crew Yellow Pirates,"Pirate fighter. Thinks he's discovered the power of his ""Third Eye"".",4,3,2,5,5,100,25,33626,182,69,25,439,289,87,[QCK] Slot Change [RCV],Changes [QCK] slot to [RCV] slot,None,None
179,Knuckle Apprentice Navy,Navy Seaman Apprentice. He's really into weight training.,1,1,1,3,6,50,15,7532,105,66,6,317,203,17,[QCK] Slot Change [STR],Changes [QCK] slot to [STR] slot,None,None
184,Knuckle Seaman Navy,"Navy Seaman. Good at boxing, so he uses brass knuckles. Can't sleep if he misses his weight training.",1,1,2,5,5,100,25,33626,139,96,17,523,289,43,[QCK] Slot Change [STR],Changes [QCK] slot to [STR] slot,None,None
194,Knuckle Ensign Navy HQ,"Navy HQ ensign. He wears a white coat with ""Justice"" written on the back. Naturally, he wears it without putting his arms through the sleeves.",1,1,3,9,6,200,50,392109,474,237,30,898,490,107,[QCK] Slot Change [STR],Changes [QCK] slot to [STR] slot,Power of Justice,STR type characters' ATK x 1.5
164,Bearded Bodyguard,"Bearded bodyguard of Kaya's mansion. If anything happens inside the mansion, he comes running. When Usopp came with news about Kuro's plans, he tried to throw him out.",3,4,1,4,5,50,20,8728,105,70,25,370,210,80,[QCK] Slot Change [TND],Changes [QCK] slot to [TND] slot,None,None
183,Cannoneer Apprentice Navy,"Navy Seaman Apprentice. The recoil almost knocks him down, so he's self-conscious of his superior officer's gaze.",5,4,1,5,5,50,25,33626,93,90,0,400,350,1,[RCV] Slot Change [INT],Changes [RCV] slot to [INT] slot,None,None
188,Cannoneer Seaman Navy,Navy Seaman. The cannon callus on his fingers are his mark of pride. ,5,4,2,10,5,100,40,134812,143,140,1,620,660,2,[RCV] Slot Change [INT],Changes [RCV] slot to [INT] slot,None,None
198,Bazooka Ensign Navy HQ,"Navy HQ ensign. He wears a white coat with ""Justice"" written on the back. He's proud to have reached the class of ""Navy Major"". ",5,4,3,12,5,200,70,1066998,480,460,1,1300,850,3,[RCV] Slot Change [INT],Changes [RCV] slot to [INT] slot,Wisdom of Justice,Shooter-class characters' ATK x 1.5
131,Striker Group Cabin Boy Red Pirates,"Pirate new recruit. In combat, all he does is swing his weapon as hard as he can.",1,3,1,1,6,50,10,2330,77,49,12,281,114,27,[RCV] Slot Change [STR],Changes [RCV] slot to [STR] slot,None,None
152,Striker Group Crew Red Pirates,Pirate fighter. Thinks mowing down enemies in a melee is better than one-on-one combat.,1,3,2,5,5,100,25,33626,174,85,21,473,320,71,[RCV] Slot Change [STR],Changes [RCV] slot to [STR] slot,None,None
40,Gaimon,"Guardian of an island filled with strange animals. A former pirate, he tumbled down from a cliff into an empty treasure chest and got stuck in it. He dreamt for years of opening the treasure chest but there was nothing in it. ",4,4,2,3,6,100,50,261406,133,5,14,1303,85,121,[RCV] Slot Storm,Changes neighboring character's slot to [RCV] slot,Treasure Chest Body,Damage from Shooter-class characters reduced by 30%
48,Johnny,"Once a pirate-hunting bounty hunter along with Zoro. He's Yosaku's friend and, though he stands up to strong foes, always seems to lose by a hair.",3,2,2,7,6,100,40,134812,100,42,20,421,421,108,[RCV] Slot Storm,Changes neighboring character's slot to [RCV] slot,None,None
123,Fighter Group Cabin Boy Green Pirates,"Pirate new recruit. Trained in hand-to-hand combat, but has no actual experience.",2,1,1,2,6,50,10,2330,85,54,5,357,138,13,[STR] Slot Change [DEX],Changes [STR] slot to [DEX] slot,None,None
144,Fighter Group Crew Green Pirates,Pirate fighter. Confident that his rope work is the best amongst the crew.,2,1,2,6,5,100,30,57558,212,100,9,717,417,31,[STR] Slot Change [DEX],Changes [STR] slot to [DEX] slot,None,None
240,Pistol Millions Baroque Works,"An agent for the shadowy Baroque Works organization. He works below the Frontier Agents. Due to strict confidentiality rules, he can't even chat up the lady that caught his eye the other day.",4,4,2,5,6,100,25,33626,159,51,40,476,224,102,[STR] Slot Change [PSY],Changes [STR] slots to [PSY],None,None
245,Pistol Billions Baroque Works,An agent for the shadowy Baroque Works organization. He works below the Officer Agents. A big fan of the group's wing-and-rapier flag.,4,4,3,9,5,150,50,261406,402,187,82,698,400,172,[STR] Slot Change [PSY],Changes [STR] slots to [PSY],None,None
181,Halberd Apprentice Navy,Navy Seaman Apprentice. Secretly made a mark on the handle of his weapon to show him where to hold it.,3,3,1,3,6,50,15,7532,73,70,10,305,158,34,[STR] Slot Change [QCK],Changes [STR] slot to [QCK] slot,None,None
186,Halberd Seaman Navy,"Navy Seaman. Highly skilled with a spear, he spends his free time training alone on the deck.",3,3,2,5,5,100,25,33626,105,92,24,407,290,62,[STR] Slot Change [QCK],Changes [STR] slot to [QCK] slot,None,None
196,Halberd Ensign Navy HQ,"Navy HQ ensign. He wears a white coat with ""Justice"" written on the back. He secretly tucks in the coat before battle so it doesn't get in the way. ",3,3,3,9,6,200,50,392109,400,220,48,916,442,120,[STR] Slot Change [QCK],Changes [STR] slot to [QCK] slot,Speed of Justice,QCK type characters' ATK x 1.5
238,Saber Millions Baroque Works,An agent for the shadowy Baroque Works organization. She works below the Frontier Agents. A card-carrying member of Miss Valentine's fan club.,2,2,2,5,6,100,25,33626,161,77,29,486,294,77,[TND] Slot Change [DEX],Changes [TND] slots to [DEX],None,None
243,Saber Billions Baroque Works,An agent for the shadowy Baroque Works organization. She works below the Officer Agents. Reckons herself stronger than the two-digit number agents by now.,2,2,3,9,5,150,50,261406,410,257,56,798,508,120,[TND] Slot Change [DEX],Changes [TND] slots to [DEX],None,None
239,Polearm Millions Baroque Works,"An agent for the shadowy Baroque Works organization. He works below the Frontier Agents. A former bounty hunter, he accepted an offer from the group so he could earn a more stable income.",3,3,2,5,6,100,25,33626,197,74,24,620,278,60,[TND] Slot Change [QCK],Changes [TND] slots to [QCK],None,None
244,Halberd Billions Baroque Works,An agent for the shadowy Baroque Works organization. He works below the Officer Agents. Saving up to afford his very own Devil Fruit.,3,3,3,9,5,150,50,261406,560,230,40,996,477,95,[TND] Slot Change [QCK],Changes [TND] slots to [QCK],None,None
47,Yosaku,Johnny's friend and bounty hunter. He was close to death from scurvy but was saved by Nami. He idolizes the Straw Hat crew as older brothers.,1,2,2,5,6,100,40,134812,100,43,19,439,439,99,[TND] Slot Change [RCV],Changes [TND] slot to [RCV] slot,None,None
60,Momoo,Arlong Pirates Combat Monster. A sea monster from the Grand Line. Beaten by Luffy and Sanji near Arlong Park.,1,1,3,18,4,200,50,392109,600,400,120,1000,500,150,[TND] Slot Change [STR],Changes [TND] slot to [STR] slot,Neptunian Might,STR type characters' ATK x 1.5
60,Momoo,Arlong Pirates Combat Monster. A sea monster from the Grand Line. Beaten by Luffy and Sanji near Arlong Park.,1,1,3,18,4,200,50,392109,600,400,120,1000,500,150,[TND] Slot Change [STR],Changes [TND] slot to [STR] slot,Neptunian Might,STR type characters' ATK x 1.5
202,"Miss Valentine 10,000 Kilo Guillotine","Baroque Works agent. Kilo-Kilo Fruit user and friend of Mr. 5. She can change her weight at will. After the Whiskey Peak failure, she chases Vivi to Little Garden.",3,1,4,15,5,200,70,1066998,804,426,104,1324,787,198,"10,000 Kill-O-Guillotine",Changes [RCV] slot to [QCK] slot,"10,000 Kilo Body",Fighter-class characters' HP x 2
7,Roronoa Zoro Pound Phoenix,"Three-Sword Style swordsman and member of the Straw Hat Pirates. He uses a powerful sword technique called 36 Pound Phoenix. Once he goes to sleep, even a typhoon won't wake him.",2,2,4,9,4,200,50,392109,462,258,37,1216,694,106,108 Pound Phoenix,10x character's ATK in DEX damage to all enemies,Unrelenting Swordsman,DEX type characters' ATK x 1.5
8,Roronoa Zoro Ashura Ichibugin,"Three-Sword Style swordsman and member of the Straw Hat Pirates. He can use a frighteningly powerful technique called ""Demon Aura Nine-Sword Style Ashura"". He understands the ""Breath of All Things"" and can cut through iron. ",2,2,5,15,9,200,99,3000000,724,667,39,2232,1332,144,Ashura Ichibugin,15x character's ATK in DEX damage to all enemies,Three-Faced Six-Armed Swordsman,DEX type characters' ATK and HP x 2
256,Izo,"16th division commander of the Whitebeard Pirates. The Whitebeard Pirates have 1600 men and 16 divisions, and he commands one of them. Dresses like a woman, with a kimono and Kabuki-style hair.",2,4,4,18,4,500,50,392109,232,130,50,1300,634,172,Beautiful Dual Flintlocks,Changes STR and QCK slots to DEX slots,Resolute Young Crossdresser,Doubles DEX character ATK and RCV
257,Flintlock Pistols Izo,16th division commander of the Whitebeard Pirates. Fights using two flintlock pistols. Izo also upholds the crew's one iron clad rule of never killing their allies.,2,4,5,28,5,1000,99,4000000,1224,585,136,2550,1068,319,Beautiful Dual Flintlocks,Changes STR and QCK slots to DEX slots,Resolute Young Crossdresser,Doubles DEX character ATK and RCV
226,Dracule Mihawk,"One of the Royal Seven Warlords of the Sea, fabled to be the best swordsman in the world. Once routed a 5000-man- strong force all by himself. He has high hopes for Zoro and told him to strive to take his place as world’s greatest swordsman.",2,2,4,30,4,500,70,1066998,324,201,1,1998,814,7,Black Blade Ship Cutter,Cut all foes' HP by 30%,Short Sword Strike,Boosts ATK of Slasher characters 2x
227,Hawk Eyes Mihawk,"One of the Royal Seven Warlords of the Sea, fabled to be the best swordsman in the world. Travels the world on his small Coffin Boat with the all-powerful black blade ""Night"" on his back. Shanks was his rivals until he lost his left arm.",2,2,5,50,4,1000,99,5000000,1916,782,5,3760,1285,15,Black Blade Ship Cutter,Cut all foes' HP by 30%,Black Blade Strike,Boosts ATK of Slasher characters 2.5x
250,Marco,"1st division commander of the Whitebeard Pirates. A member of the Whitebeard Pirates for over 20 years, he feels an obligation to whitebeard. Trusted implicitly by Whitebeard and the rest of the crew, he acts as a second in command.",4,1,4,18,6,500,50,392109,172,125,64,1030,676,220,Blue Flame Rebirth,Recovers all HP,Phoneix Aura,Triples PSY character ATK if HP is full before attacking
251,Marco the Phoenix,"1st division commander of the Whitebeard Pirates. Also known as ""Marco the Phoenix."" Endowed with the powers of a Devil Fruit, he is able to transform into a phoenix. In his phoenix form, he can withstand any attack and regenerate any wounds.",4,1,5,28,4,1000,99,4000000,951,618,180,2258,1100,390,Blue Flame Rebirth,Recovers all HP,Phoneix Aura,Triples PSY character ATK if HP is full before attacking
208,Mr. 2 Bon Clay Bombardier Arabesque,"Baroque Works officer agent. Clone-Clone Fruit user. He wears clothes that say ""Man"" on the back, but he speaks in a feminine manner. He uses a style of fighting called ""Oh Come My Way Karate"".",4,1,4,15,4,200,70,1066998,599,348,169,935,709,302,Bombardier Arabesque,Changes [RCV] slot to [PSY] slot,Oh Come My Way Karate Master,PSY ATK to character reduced by 20%
200,Mr. 5 Breeze Breath Bomb,Baroque Works officer agent. User of Bomb-Bomb Fruit. He can shoot rapid fire with his flintlock .44 caliber 6 shot revolver and the bullets are invisible.?,1,4,4,15,5,200,70,1066998,688,520,92,1120,943,180,Breeze Breath Bomb,20x character's ATK in STR damage to one enemy,Full Body Explosive,STR type characters' ATK x 2
252,Jozu,3rd division commander of the Whitebeard Pirates. Endowed with Devil Fruit powers that enable him to turn his body into diamond. Attacks with superhuman power and speed. Uses Armament Haki.,3,1,4,18,4,500,50,392109,412,109,27,1820,596,98,Brilliant Punk,Nullifies DEX type attacks for 1 turn,Diamond Arms,Doubles QCK character ATK and HP
253,Diamond Jozu,"3rd division commander of the Whitebeard Pirates. Also known as ""Diamond Jozu."" Endowed with Devil Fruit powers that enable him to turn his body into diamond. A member of the Whitebeard Pirates for over 20 years.",3,1,5,28,4,1000,99,4000000,1748,524,69,3300,987,231,Brilliant Punk,Nullifies DEX type attacks for 1 turn,Diamond Arms,Doubles QCK character ATK and HP
9,Nami,"Pirate and thief. An expert at meteorology and navigation, her favorite things are money and tangerines. She's despised pirates ever since some of them took over her hometown.",5,3,3,4,4,150,20,26184,72,51,32,366,201,89,Cat Burglar,Heals 1000 HP,Thieving Navigator,INT ATK to character reduced by 20%
41,Siam,"Black Cat Pirate and member of the ""Meowban Brothers"" along with his friend, Butchie. Their secret weapon is the ""Cat Snatch"" where he suddenly steals an opponent's weapon.",5,2,2,9,6,100,50,261406,112,112,24,724,499,133,Cat Snatch,Changes [RCV] slot to [INT] slot,Cat Disguise,INT type characters' RCV x 1.2
42,Butchie,"One-half of the Black Cat Pirates ""Meowban Brothers"". He is normally on guard with Siam. His special move, ""Cat-A-Pult Cat-Astrophe"" is strong enough to split the earth.",1,2,2,9,6,100,50,261406,132,117,19,872,530,98,Cat-A-Pult Cat-Astrophe,3x character's ATK in STR damage to all enemies,Super-Powered Cat,STR type characters' ATK x 1.2
57,Don Krieg,"Pirate Fleet admiral ""Don Krieg"". He'll do anything to win and refuses to accept criticism. After losing nearly his entire fleet of 5,000 ships, he fled from the Grand Line.",5,4,3,10,6,250,50,392109,214,97,24,1454,632,95,Chain Hammer,7x character's ATK in INT damage to one enemy,Wootz Steel Armor,ATK reduced by 10%
72,Nefertari Vivi,"Princess of Alabasta Kingdom. Sensing danger to her kingdom, she infiltrated Baroque Works. Her code name at the time was ""Miss Wednesday"".",4,2,4,13,5,500,70,1066998,138,102,183,682,454,350,Charge! Supersonic Duck Squadron!,Changes slot to random slot,Princess' Hope,RCV x 3 HP recovered after end of turn.
73,Princess Vivi,"Princess of Alabasta Kingdom. Along with the Straw Hat Pirates, she saves her homeland from Baroque Works' plot. Afterwards, she returns to her kingdom to fulfill her duties. ",4,2,5,20,6,1000,99,4000000,602,414,280,908,747,477,Charge! Supersonic Duck Squadron!,Changes slot to random slot,Princess' Love,"After turn, RCV x 5 healed in HP"
52,Chef Zeff,"Chef at the ocean-going restaurant, Baratie. With his peg leg, he can kick hard enough to drill a hole through the ship's deck. His cooking skills are top notch.",2,1,3,10,5,200,50,392109,142,118,29,908,698,164,Chef Drop,Changes [STR] slot to [DEX] slot,Peg Leg Kick,Fighter-class characters' ATK x 2.5
38,Buggy,"Captain of the Buggy Pirates. Chop-Chop Fruit user. He can split his body into pieces and make them fly through the air, but his legs stay on the ground.",5,2,3,8,5,20,35,136167,200,107,22,818,446,85,Chop-Chop Festival,Changes [RCV] slot to [INT] slot,Fight with Flair!,INT ATK x 1.5
39,Buggy the Clown,"Captain of the Buggy Pirates. His nickname is ""Buggy the Clown"". He gets angry when someone makes fun of his nose. He used to be on the same ship with Red-Haired Shanks.",5,2,4,11,5,300,70,1066998,714,342,58,1666,757,135,Chop-Chop Festival,Changes [RCV] slot to [INT] slot,Die with Flair!!,INT ATK x 2
210,Nico Robin,Straw Hat Pirates archaeologist. She uses the Flower-Flower Fruit and is able to sprout parts of her body anywhere. She's searching for the Poneglyph.,5,1,5,20,6,200,99,3000000,736,430,214,1865,1055,338,Cien Fleur,"For 1 turn, INT ATK x2",Clearheaded Archaeologist,INT type characters' RCV x 2
206,Miss Goldenweek Colors Trap: Calming Green,"Baroque Works agent. She can manipulate emotions using paint. In combat, her pet pterodactyl fights for her. She's friends with Mr. 3.",2,3,4,15,5,200,70,1066998,264,264,268,412,390,530,Colors Trap: Calming Green,"For 2 turns, halves all enemies' DEF",Realist Painter,DEX type characters' HP and RCV x 1.2
76,Shanks,"Red-Hair Pirates captain. He lets most things go with a laugh, but won't tolerate those that hurt his friends. He loses his left arm saving Luffy from the Master of the Near Sea.",4,2,4,13,5,500,70,1066998,186,159,46,1010,725,271,Conqueror's Haki,15x character's ATK in PSY damage to all enemies,Hidden Aura,PSY type characters' ATK x 2
77,Red-Haired Shanks,"Leader of the Red-Hair Pirates and one of the Four Emperors. As a young man, he was an apprentice with the Roger Pirates. He was rivals with Mihawk until he lost his left arm and their unsettled final duel is legendary.",4,2,5,20,4,1000,99,4000000,898,670,222,2118,990,417,Conqueror's Haki,15x character's ATK in PSY damage to all enemies,Four Emperor Aura,PSY type characters' ATK x 2.5
44,Dancing Django,"Black Cat former captain and hypnotist. Before he became a pirate, he wanted to become a dancer. He wins the dance competition on Mirrorball Island.",2,2,3,11,5,200,70,1066998,476,218,98,1155,555,228,Dance Heaven,Changes [RCV] slot to [DEX] slot,Dancing Hero,Damage taken reduced by 10%
45,Captain Kuro,"Butler who works for Kaya. His true identity is Captain Kuro, a pirate who was thought to have been executed by the Navy. He adjusts his glasses with his palms so as not to scratch them with his Cat Claws.",3,2,3,10,7,250,70,1066998,144,111,31,1102,640,151,Death Scoop,5x character's ATK in QCK damage to all enemies,Stealth,QCK type characters' ATK x 1.2
46,Kuro of a Hundred Plans,Black Cat Pirates captain. He hatches all sorts of plans that never fail. He was thought dead after being captured by the Navy three years ago.,3,2,4,15,8,300,99,3000000,978,558,122,2074,1057,282,Death Scoop,5x character's ATK in QCK damage to all enemies,Stealth (Kuro of a Hundred Plans),QCK type characters' ATK x 1.5
54,Gin the Man-Demon,"Krieg Pirates combat commander. He's called ""Man-Demon"" because of his lack of mercy. He was unable to kill Sanji, the first person to be nice to him. ",3,3,3,11,6,200,70,1066998,558,300,57,1152,792,209,Demonic Dance,7x character's ATK in QCK damage to one enemy,General Spirit,QCK ATK to character reduced by 50%
20,Sanji Diable Jambe Flambe,"Straw Hat Pirate chef and kick master. ""Black-Leg Sanji"". A gentleman among gentlemen who won't strike a woman even if his life is at stake.",3,1,5,15,4,200,99,3000000,406,418,175,2206,1030,249,Diable Jambe,Does 5000 damage to all enemies,Chivalrous Cook,QCK type characters' ATK and HP x 1.5
209,Miss All Sunday Baroque Works VP,"Vice President of Baroque Works and highest-level officer. Partner of the president, Mr. 0. Her actions are mysterious, pursuing Princess Vivi, but giving her an Eternal Pose near Alabasta.",5,1,4,15,6,100,50,392109,368,128,96,772,478,252,Dieciseis Fleur,"For 1 turn, INT ATK x1.5",Mysterious Archaeologist,INT type characters' RCV x 1.5
229,Double Crosser Django,"A master hypnotist and ex-captain of the Black Cat Pirates. Became friends with Fullbody during a dance competition on Mirrorball Island. After being arrested and subsequently saved by Fullbody, he joined the Navy. ",4,2,3,11,5,300,70,1066998,446,219,103,930,665,230,Double Cross Dance,Change [INT] Slots to [PSY],Navy Hypnotist,Reduces damage taken by 10%
230,Double Ironfist Fullbody,"A former Navy lieutenant now serving as a seaman recruit. He befriended the pirate Django at Mirrorball Island. He arrested Django later, but was demoted when he objected to his execution.",1,1,3,11,6,300,70,1066998,150,150,80,890,809,187,Double Hyper Straight,200 damage to 1 enemy,Groovy Seaman Recruit,STR type characters' ATK x 1.5
71,Miss Wednesday,"Agent for the criminal organization, ""Baroque Works"". Hunted Island Whales for food. Her partner is Mr. 9.",4,2,3,9,5,400,35,136167,22,10,74,190,127,216,Enchanting Vertigo Dance,"For 1 turn, reduces damage by 50%",Princess' Oath,RCV x 2 HP recovered after end of turn.
228,Escapee Morgan,"Former Navy captain and Helmeppo's father. He ruled over Shells Town with an iron fist, striking terror into its citizens, before he was defeated by Luffy and captured by his own men. He later escaped while being transported to Navy HQ. Whereabouts currently unknown.",1,2,3,17,5,200,70,711332,1427,699,27,1600,1000,35,Escapee Axe-Hand,Recover from Bind for 2 turns,Lust for Power,Boosts HP of Slasher-class characters by 1.5x
35,Axe-Hand Morgan,"Navy captain and father of Helmeppo. Nicknamed ""Axe-Hand Morgan"", he was effective dictator of Shells Town.",1,2,2,9,5,150,50,261406,133,100,5,1554,747,35,Execution Axe-Hand,5x character's ATK in STR damage to one enemy,Captain's Authority,Slasher-class characters' HP x 1.2
204,Mr. 3 Extra Special Candelabra,"Baroque Works officer agent. Wax-Wax Fruit user. When the wax from inside his body hardens over him, his skin becomes as hard as iron, but he's vulnerable to fire. His friend is Miss Goldenweek.",5,2,4,15,4,200,70,1066998,600,449,120,1394,818,176,Extra Special Candelabra,Delays all enemies' attacks for 1 turn,Sculptor,INT ATK to character reduced by 10%
36,Mohji & Richie,"Buggy Pirates first mate Mohji and his pet lion, Richie. Beast tamer Mohji fights alongside Richie who follows his commands. He burned down a pet shop in Orange Town. ",4,1,2,9,6,100,50,261406,150,135,10,1072,559,55,Fierce Bite,5x character's ATK in PSY damage to one enemy,Wild Animal Show,PSY type characters' ATK x 1.5
220,Nami Fine Tempo,The navigator for the Straw Hat Pirates. Igaram enlisted her to protect Princess Vivi at Whiskey Peak. She can press a button on her Clima-Tact to unleash a pair of doves.,5,3,4,15,5,150,50,392109,454,133,50,1062,421,102,Fine Tempo,Change [PSY] Slots to [INT],Weather Control,Boost INT character's ATK by 2x
16,Sogeking,"The mysterious Sniper King, who hides his true identity behind a mask. He pretends to be Usopp's close friend but is actually Usopp himself. Luffy and Chopper don't seem to have figured it out. ",4,4,5,15,7,200,99,3000000,638,260,189,1506,690,479,Fire Bird Star,Delays all enemies' attacks for 3 turns and deals 15x character's ATK in PSY damage to all enemies,King of Snipers,PSY type characters' ATK and HP x 1.5
56,Fire Pearl,"Krieg Pirates second unit commander. Since he's never shed a drop of blood, even a nosebleed sends him into a panic. Raised in a jungle, he has the habit of igniting when he senses danger.",1,3,3,11,4,200,70,1066998,820,226,38,1904,656,129,Fireball Privilege,Changes [RCV] slot to [STR] slot,Flaming Shield Man,STR ATK to character reduced by 50%
74,Portgas D. Ace,Whitebeard Pirates 2nd Division commander. Luffy's older brother by three years. His specialty is falling asleep while eating. ,3,1,4,13,6,500,70,1066998,252,144,40,1802,545,199,Flame Fist,25x character's ATK in QCK damage to one enemy,Flame-Flame Body,QCK type characters' ATK x 2
75,Portgas D. Ace Flame Mirror,"Whitebeard Pirates 2nd Division commander. Nicknamed ""Fire Fist Ace"", he uses Flame-Flame Fruit. His plan is to make Whitebeard, his benefactor, the Pirate King.",3,1,5,20,6,1000,99,4000000,1728,501,140,2886,1020,279,Flame Mirror,15x character's ATK in QCK to all enemies,Flame-Flame Body,QCK type characters' ATK x 2.5
26,Tony Tony Chopper Guard Point,"Straw Hat Pirates doctor. A reindeer that ate a Devil Fruit, the Human-Human Fruit. Guard Point covers his entire body with long fluffy fur for protection.",2,1,4,9,6,200,50,392109,394,178,75,1320,408,184,Guard Point,"For 3 turns, reduces damage by 50%",Cure-All Doctor [DEX],DEX type characters' RCV x 1.5
62,Kuroobi,"Arlong Pirates officer and ray Fishman. He is a 40th rank practitioner of traditional Fishman Island karate. Very cautious, he didn't even trust Nami, a fellow Arlong Pirates officer.",1,1,3,9,4,200,50,392109,160,157,10,1200,759,76,Guffaw Palm Bomb,7x character's ATK in STR damage to one enemy,Fishman Karate Lv 40,Fighter-class characters' HP x 1.5 
216,Monkey D. Luffy Gum-Gum Balloon,"The captain of the Straw Hat Pirates, out on a journey to become Pirate King. His rubber body can deflect projectiles and cushion him from falls.",1,1,4,15,6,150,50,392109,490,178,29,1492,655,63,Gum-Gum Balloon,Cut damage taken by 50% for 3 turns,Balloon Body,Cut damage taken by 20%
217,Monkey D. Luffy Gear Third,"The captain of the Straw Hat Pirates. His ""Gear"" skill lets him temporarily boost his body's abilities, although it has the side effect of shrinking him afterward.",1,1,5,22,4,200,99,4000000,1374,585,50,2960,1303,105,Gum-Gum Giant Rifle,15x character's ATK in STR damage to all foes,Giant Power,Score 3 Perfects in a row to boost character's ATK 3.5x
2,Monkey D. Luffy Gum-Gum Pistol,"Leader of the Straw Hat Pirates, his goal is to become Pirate King. After eating the Gum- Gum Fruit, he sharpened his fighting skills for 10 years before leaving Fushia Village.",1,1,3,4,6,150,20,26184,130,76,14,510,249,49,Gum-Gum Pistol,7x character's ATK in STR damage to one enemy,Gum-Gum Power,STR type characters' ATK x 1.5
4,Monkey D. Luffy Gear 2,"Leader of the Straw Hat Pirates. After being defeated by Aokiji, he developed a technique called ""Gear"" that temporarily boosts his strength.",1,1,5,15,8,200,99,3000000,902,473,74,1772,1313,227,Gum-Gum Twin Jet Pistol,25x character's ATK in STR damage to one enemy,Doping Power,STR type characters' ATK x 2
221,Nami Happiness Punch,"The navigator for the Straw Hat Pirates. Her Happiness Punch can floor any man in a single strike, and she charges 100,000 berries per person.",5,3,5,22,4,200,99,4000000,1044,377,94,1990,949,168,Happiness Punch,Change [PSY] Slots to [INT],Navigator Gone Wild,Boost INT character's ATK by 2.5x
21,Tony Tony Chopper,"A reindeer that ate the Human- Human Devil Fruit. He can change into beast form, human form or a hybrid form. His goal is to become a doctor who can cure any illness.",4,1,3,4,5,150,20,26184,52,40,39,294,144,120,Hearty Yell,Changes neighboring character's slot to [RCV] slot,Blue-Nosed Doctor,PSY type characters' RCV x 1.2
22,Tony Tony Chopper Heavy Point,"Straw Hat Pirates doctor. A reindeer that ate the Human-Human Devil Fruit. When he uses Heavy Point, he becomes much larger and stronger.",4,1,4,9,5,200,50,392109,306,213,78,754,622,207,Heavy Gong,15x character's ATK in PSY damage to one enemy,Cure-All Doctor [PSY],PSY type characters' RCV x 1.5
24,Tony Tony Chopper Arm Point,"Straw Hat Pirate doctor. A reindeer that ate a Devil Fruit, the Human-Human Fruit. His arms and upper body become massively powerful allowing him to unleash furious strikes.",1,1,4,9,4,200,50,392109,356,260,54,868,820,122,Hoofprint Roseo,"For 2 turns, halves all enemies' DEF",Cure-All Doctor [STR],STR type characters' RCV x 1.5
25,Tony Tony Chopper Horn Point,"Straw Hat Pirates doctor. A reindeer that ate a Devil Fruit, the Human-Human Fruit. With Horn Point, his horns are powered up, allowing him to do powerful horn attacks.",3,1,4,9,6,200,50,392109,414,306,29,958,856,95,Horn Point Roseo Colonnade,7x character's ATK in QCK damage to all enemies,Cure-All Doctor [QCK],QCK type characters' RCV x 1.5
212,Mr. 9 Hot Blooded Bat,An agent of the shadowy Baroque Works organization who wields a pair of bats. He rose to defend his old partner Ms. Wednesday after an assassin was sent to kill her for treason.,3,3,3,13,5,200,70,1066998,408,249,99,1011,590,240,Hot Blooded Bat,5x character's ATK in QCK damage to one enemy,Twin Acrobatter,Boosts ATK of Striker-type characters by 1.5x
19,Chef Sanji Hot Rock Stew,"Straw Hat Pirates chef. He has a weakness for women. On the Sky Islands, he's able to create impressive meals even without proper cooking facilities. ",3,1,4,9,4,200,50,392109,494,191,54,986,500,209,Hot Rock Stew,Heals character HP by 10x their RCV,Kicking Cook,QCK type characters' ATK x 1.5
120,Pistol Bandit,Mountain bandit and underling of Higuma. He was no match at all for Benn Beckman and the Red Hair Pirates.,1,4,1,1,5,30,20,8728,17,14,28,105,57,104,Hyper Shot,5x character's ATK in Character-type damage to all enemies,None,None
136,Shooter Group Cabin Boy Red Pirates,Pirate new recruit. Thinks his powerful pistol is cool.,1,4,1,3,6,50,10,2330,41,19,24,129,57,78,Hyper Shot,5x character's ATK in Character-type damage to all enemies,None,None
140,Shooter Group Cabin Boy Black Pirates,Pirate new recruit. Thinks attacking from behind is the ultimate attack.,5,4,1,3,6,50,10,2330,41,22,23,139,64,74,Hyper Shot,5x character's ATK in Character-type damage to all enemies,None,None
157,Shooter Group Crew Red Pirates,Pirate fighter. Super proud that he can handle his high-powered pistol with just one hand.,1,4,2,7,5,100,30,57558,75,23,60,289,118,202,Hyper Shot,5x character's ATK in Character-type damage to all enemies,None,None
161,Shooter Group Crew Black Pirates,Pirate fighter. Always researching the most effective ways to become a better shooter.,5,4,2,7,5,100,30,57558,75,29,58,299,155,198,Hyper Shot,5x character's ATK in Character-type damage to all enemies,None,None
178,Pistol Fishman Arlong crewmember,Arlong Pirate Fishman crewmember. Fishmen are born with the strength of 10 humans.,4,4,2,7,5,100,30,57558,72,36,28,523,216,134,Hyper Shot,5x character's ATK in Character-type damage to all enemies,None,None
27,Higuma,Mountain bandit leader near Fushia Village. He had an 8 million Beli bounty on his head and was eaten by a Neptunian after fleeing from the Red-Hair Pirates. ,3,2,2,8,5,50,35,45389,132,87,29,692,323,99,Hyper Slash,10x character's ATK in Character-type damage to one enemy,Bandit Boss's Order,QCK type characters' HP x 1.2
119,Sword Bandit,"Mountain bandit and underling of Higuma. Just like his leader, Higuma, he was making fun of Shanks and his crew.",2,2,1,1,5,30,20,8728,77,41,9,348,140,41,Hyper Slash,10x character's ATK in Character-type damage to one enemy,None,None
126,Slasher Group Cabin Boy Red Pirates,"Pirate new recruit. Bashes rather than slashes, so he tends to nick his blade a lot.",1,2,1,3,6,50,15,7532,69,47,10,333,134,28,Hyper Slash,10x character's ATK in Character-type damage to one enemy,None,None
130,Slasher Group Cabin Boy Black Pirates,"Pirate new recruit. Considering coating his sword with poison, but is afraid he might stick himself.",5,2,1,3,6,50,15,7532,65,49,10,341,136,25,Hyper Slash,10x character's ATK in Character-type damage to one enemy,None,None
147,Slasher Group Crew Red Pirates,Pirate fighter. Thinks two swords give him perfect attack and defense.,1,2,2,7,5,100,35,90778,178,90,19,645,406,79,Hyper Slash,10x character's ATK in Character-type damage to one enemy,None,None
151,Slasher Group Crew Black Pirates,Pirate fighter. Loves to make his enemies go crazy.,5,2,2,7,5,100,35,90778,176,100,16,695,384,78,Hyper Slash,10x character's ATK in Character-type damage to one enemy,None,None
176,Sword Fishman Arlong crewmember,"Arlong Pirate Fishman crewmember. He challenges the Straw Hat Pirates but is blown away by Luffy and the sea cow, Momoo.",2,2,2,7,5,100,30,57558,92,44,22,585,245,114,Hyper Slash,10x character's ATK in Character-type damage to one enemy,None,None
135,Striker Group Cabin Boy Black Pirates,Pirate new recruit. Searches for his enemies' weak points.,5,3,1,1,6,50,10,2330,73,57,10,261,127,26,Hyper Spiral,10x character's ATK in Character-type damage to one enemy,None,None
156,Striker Group Crew Black Pirates,Pirate fighter. Thinking about remodeling his weapon so he can do surprise attacks.,5,3,2,5,5,100,25,33626,188,87,18,465,342,65,Hyper Spiral,10x character's ATK in Character-type damage to one enemy,None,None
177,Spear Fishman Arlong crewmember,"Arlong Pirate Fishman crewmember. He captured Zoro when he came to save Nami, but is defeated while Arlong was away.",3,3,2,7,5,100,30,57558,82,46,23,553,246,119,Hyper Spiral,10x character's ATK in Character-type damage to one enemy,None,None
28,Master of the Near Sea,"Neptunian near Fushia Village. He attacked Luffy but ran away afterward, frightened by Shanks' withering gaze.",1,1,2,20,5,150,35,90778,500,350,80,550,400,100,Hyper Straight,10x character's ATK in Character-type damage to one enemy,Tusks of the Neptunian,Fighter-class characters' ATK x 1.2
49,Iron Fist Fullbody,"Navy officer ""Iron Fist Fullbody"". He was embarrassed when he was corrected by Sanji during a date on the Baratie. When he retaliated by ruining Sanji's meal, he was beaten down for it.",1,1,2,3,6,100,15,7532,103,100,49,153,160,84,Hyper Straight,10x character's ATK in Character-type damage to one enemy,Knuckle Duster,STR type characters' ATK x 1.5
121,Fighter Group Cabin Boy Red Pirates,Pirate new recruit. Famous for his strength in his hometown.,1,1,1,2,6,50,10,2330,79,54,6,327,141,17,Hyper Straight,10x character's ATK in Character-type damage to one enemy,None,None
125,Fighter Group Cabin Boy Black Pirates,Pirate new recruit. Always likes to fight dirty.,5,1,1,2,6,50,10,2330,83,61,3,345,153,10,Hyper Straight,10x character's ATK in Character-type damage to one enemy,None,None
142,Fighter Group Crew Red Pirates,Pirate fighter. Proud of the muscles he gained from carrying cargo.,1,1,2,6,5,100,30,57558,200,103,10,707,428,29,Hyper Straight,10x character's ATK in Character-type damage to one enemy,None,None
146,Fighter Group Crew Black Pirates,Pirate fighter. Thinks it's okay to do anything to win.,5,1,2,6,5,100,30,57558,202,108,8,695,440,27,Hyper Straight,10x character's ATK in Character-type damage to one enemy,None,None
175,Karate Fishman Arlong crewmember,Arlong Pirate Fishman crewmember. He thinks of humans as inferior.,1,1,2,7,6,100,30,57558,70,49,24,547,258,116,Hyper Straight,10x character's ATK in Character-type damage to one enemy,None,None
234,Mr. 8 Igarappapa,"Once an agent for the shadowy Baroque Works organization, he was actually captain of the Alabasta royal guard, infiltrating Baroque Works alongside Princess Vivi. When they were unmasked, he left Vivi in the Straw Hats' hands and disguised himself as the princess instead.",4,4,3,13,5,200,70,1066998,500,186,120,1286,433,230,Igarappapa,5x character's ATK in PSY damage to all foes,Captain of the Guard's Heart,Boosts HP of PSY characters by 2x
223,Usopp Impact,The sniper of the Straw Hat Pirates. A crack shot with nimble fingers and a unique gift for making up lies. The special shells he took back from Skypiea are used on his and Nami's equipment.,4,4,4,18,6,200,70,1066998,733,361,97,1185,669,265,Impact,Boost PSY attacks 2x for 1 turn,Brave Sea Sniper,Boost PSY character's ATK by 1.5x
29,Iron-Mace Alvida,"Leader of the Alvida Pirates. Nicknamed ""Iron Mace Alvida"", she thinks she is the most beautiful on the high seas.",1,3,3,10,5,250,50,392109,184,154,5,1412,755,61,Iron Mace Beauty,7x character's ATK in STR damage to one enemy,Rough Body,STR ATK to character reduced by 30%
122,Fighter Group Cabin Boy Blue Pirates,Pirate new recruit. Confident in his ability to flee.,3,1,1,2,6,50,10,2330,85,51,6,349,133,16,Iron Shield,"For 1 turn, reduces damage taken by 20%",None,None
124,Fighter Group Cabin Boy Yellow Pirates,"Pirate new recruit. Plenty of fighting spirit, but expends a lot of wasted effort.",4,1,1,2,6,50,10,2330,77,49,8,315,126,24,Iron Shield,"For 1 turn, reduces damage taken by 20%",None,None
141,Cannoneer Cabin Boy,Pirate new recruit. Started handling cannons after he joined. He loves to eat--and it shows. ,5,4,1,4,5,50,20,17456,98,80,1,523,280,3,Iron Shield,"For 1 turn, reduces damage taken by 20%",None,None
143,Fighter Group Crew Blue Pirates,Pirate fighter. Great sense of balance from working in the rigging.,3,1,2,6,5,100,30,57558,220,93,10,727,412,31,Iron Shield,"For 1 turn, reduces damage taken by 20%",None,None
145,Fighter Group Crew Yellow Pirates,Pirate fighter. He's learned patience from scrubbing the deck daily.,4,1,2,6,5,100,30,57558,190,90,16,695,398,41,Iron Shield,"For 1 turn, reduces damage taken by 20%",None,None
162,Cannoneer Skilled,"Pirate fighter. A skilled cannoneer. His motto is ""Drink big, shoot big"".",5,4,2,12,5,100,50,261406,203,105,3,1350,550,30,Iron Shield,"For 1 turn, reduces damage taken by 20%",None,None
170,Fighter Group Leader,Pirate who excels at hand-to-hand combat. He has the physical strength to justify the bounty on his head.,1,1,3,7,6,200,40,202218,208,97,23,982,457,104,Iron Shield,"For 1 turn, reduces damage taken by 20%",None,None
171,Slasher Group Leader,Pirate who excels at sword fighting. Very powerful fighter who formed his own pirate group in the past.,2,2,3,7,5,200,45,286773,166,82,35,922,397,184,Iron Shield,"For 1 turn, reduces damage taken by 20%",None,None
172,Striker Group Leader,Pirate who excels at axe fighting. Brutal fighter who loves to chop up people.,3,3,3,7,5,200,35,136167,200,80,30,828,291,135,Iron Shield,"For 1 turn, reduces damage taken by 20%",None,None
173,Shooter Group Leader,Pirate who excels at sharpshooting. His prey can't escape the aim of his double pistols.,4,4,3,7,5,200,40,202218,128,41,55,508,253,251,Iron Shield,"For 1 turn, reduces damage taken by 20%",None,None
174,Assassin Master,Pirate who excels at assassination. He uses a bowgun to take out his targets.,5,4,3,7,5,200,50,392109,224,119,13,1532,557,79,Iron Shield,"For 1 turn, reduces damage taken by 20%",None,None
231,Hina,"Captain at the Navy HQ. She is friends with Smoker, who joined the Navy alongside her. Unlike the troublemaking Smoker, she has been an exemplary officer. Fullbody and her other underlings have a crush on her, but she coldly turns them away.",3,1,3,12,5,300,50,392109,154,73,42,1176,495,187,Kimono Sleeve Cage,Keep all allies' Slots locked for 1 turn,Black Spear Formation,QCK type characters' ATK x 2
232,Black Cage Hina,"Navy HQ captain and user of the Bind- Bind Fruit, which turns her body into an iron cage to entrap her foes with. After the fall of Baroque Works, she ambushed the Straw Hats as they tried to leave Alabasta.",3,1,4,18,4,300,99,3000000,1088,422,149,2270,905,300,Kimono Sleeve Cage,Keep all allies' Slots locked for 1 turn,Black Spear Formation,QCK type characters' ATK x 2
13,Usopp,"Young man who formed the Usopp Pirates. He wants to become a ""brave warrior of the sea"" like his father, Yasopp. His daily lies help awaken the residents of Syrup Village each morning.",4,4,3,4,5,150,20,26184,50,32,42,322,127,121,Liar,Delays all enemies' attacks for 1 turn,Lying Sniper,Shooter-class characters' ATK x 1.2
165,Knuckle Punk Black Cat Pirates,Black Cat Pirates crewmember. He gets angry when Captain Kuro's plans don't go according to schedule.,1,1,2,6,6,50,25,33626,30,129,2,267,612,3,Light Healing,Heals character by 5x their RCV,None,None
166,Saber Punk Black Cat Pirates,Black Cat Pirates crewmember. He gets powered up by Django's hypnosis.,2,2,2,6,5,50,25,33626,42,120,3,295,592,5,Light Healing,Heals character by 5x their RCV,None,None
167,Halberd Punk Black Cat Pirates,Black Cat Pirates crewmember. He tried to attack Syrup Village following Captain Kuro's plan.,3,3,2,6,5,50,25,33626,32,122,4,277,598,6,Light Healing,Heals character by 5x their RCV,None,None
168,Pistol Punk Black Cat Pirates,"Black Cat Pirates crewmember. He keeps getting hit by Captain Kuro's ""Death Scoop"" over and over.",4,4,2,6,5,50,25,33626,30,117,6,269,569,17,Light Healing,Heals character by 5x their RCV,None,None
169,Cannoneer Punk Black Cat Pirates,Black Cat Pirates crewmember. He loves to wear black cat ears.,5,4,2,6,5,50,25,33626,26,137,0,267,621,0,Light Healing,Heals character by 5x their RCV,None,None
180,Saber Apprentice Navy,"Navy Seaman Apprentice. Until he joined the navy, he thought ""Saber"" was a kind of food.",2,2,1,4,6,50,20,17456,45,75,13,293,194,44,Light Healing,Heals character by 5x their RCV,None,None
182,Pistol Apprentice Navy,"Navy Seaman Apprentice. During combat, he's always worried about accidentally hitting an ally.",4,4,1,3,6,50,15,7532,49,16,32,105,72,96,Light Healing,Heals character by 5x their RCV,None,None
185,Saber Seaman Navy,"Navy Seaman. Skilled at sword fighting, so he uses a saber. Just for once, he wants to try using a katana. ",2,2,2,6,5,100,35,90778,75,101,26,512,322,84,Light Healing,Heals character by 5x their RCV,None,None
187,Pistol Seaman Navy,"Navy Seaman. A great marksman, his weapon is a pistol. To maintain his good vision, he eats lots of carrots.",4,4,2,6,5,100,25,33626,75,23,52,139,100,170,Light Healing,Heals character by 5x their RCV,None,None
195,Saber Ensign Navy HQ,"Navy HQ ensign. He wears a white coat with ""Justice"" written on the back. He wears his scabbard so that he can draw his saber smoothly.",2,2,3,9,6,200,50,392109,424,229,51,800,467,131,Light Healing,Heals character by 5x their RCV,Art of Justice,DEX type characters' RCV x 1.5
197,Pistol Ensign Navy HQ,"Navy HQ ensign. He wears a white coat with ""Justice"" written on the back. He counts stars to train his eyesight.",4,4,3,9,6,200,50,392109,121,70,145,275,191,320,Light Healing,Heals character by 5x their RCV,Heart of Justice,PSY ATK to character reduced by 20%
219,Roronoa Zoro Lion's Song,"The swordsman of the Straw Hat Pirates. Often fights with three swords at once, although he also boasts many single and dual-sword skills. For this single-sword technique, he follows his foe's breathing to unleash a powerful slash.",2,2,5,22,6,200,99,4000000,1882,538,10,3558,1038,32,Lion's Song,25x character's ATK in DEX damage to 1 foe,Slashing at Air,Greatly cut damage taken when HP is full
61,Choo,"Arlong Pirates officer and smelt Fishman. He has the habit of saying ""Smek"" at the end of his sentences. He ran down Usopp by firing a powerful blast of water from his mouth.",5,4,3,9,5,200,50,392109,110,71,49,768,492,256,Lip-O-Cannon,5x character's ATK in INT damage to all enemies,Water Gun Master,Shooter-class characters' HP x 1.5
58,Don Krieg Poison Gas Bomb MH5,"Commander of the Krieg Pirates. Equipped with every type of weapon, he tries to crush enemies with overwhelming power. He cruelly uses his own allies to achieve victory. ",5,4,4,15,4,300,99,3000000,1276,553,74,2734,1057,172,MH5,Poisons all enemies,Wootz Steel Armor and Shield,ATK reduced by 20%
11,Nami Mirage tempo,Straw Hat Pirates navigator. She asked Usopp to make her a bo staff as a weapon to fight the powerful enemies in Alabasta.,5,3,4,9,5,200,50,392109,348,201,75,840,543,219,Mirage Tempo,Neutralize INT attacks for 1 turn,Sly Navigator,INT ATK x 1.5
224,Mr. Prince Mutton Shot,"The name Sanji called himself when he spoke to Crocodile. He infiltrated Rain Dinners to save Luffy and his crew, and contacted Miss All Sunday's Baby Transponder Snail to lure out Crocodile.",3,1,3,12,4,150,35,136167,276,108,32,1144,457,107,Mutton Shot,15x character's ATK in SPD damage to 1 foe,Conniving Cook,Score 2 Perfects in a row to boost character's ATK by 2x
64,Six-Sword Hachi,Arlong Pirates officer and octopus Fishman. He is a Six-Sword Style practitioner with each sword weighing 300kg. He's a good person who doesn't hate anyone.,2,2,4,11,8,200,70,1066998,542,338,88,986,638,288,New Year's Open Body Slam,10x character's ATK in DEX damage to all enemies,Six-Sword Style Master,DEX ATK to character reduced by 50%
199,Mr. 5 Nez-Palm Cannon,"Baroque Works officer agent. With the Bomb-Bomb Fruit, he is able to make any part of his body explode. He tried to kill Vivi when she found out Mr. 0's true identity.",1,1,3,11,5,100,35,136167,82,142,31,752,602,124,Nez-Palm Cannon,15x character's ATK in STR damage to one enemy,Human Bomb,STR type characters' ATK x 1.5
31,Coby,"Alvida Pirates cabin boy and navigator. Thinking it was a fishing boat, he boarded a pirate ship and was forced to become their cabin boy. He was too frightened of the crew to run away.",4,1,2,4,5,100,25,50439,70,25,32,166,70,120,None,None,Bold Determination,"After turn, RCV x 2 healed in HP"
33,Helmeppo,"Son of Axe-Hand Morgan. With the authority of his father, he ran amok in town. After Luffy found out he lied to Zoro, he beat him up for it.",5,4,2,4,5,100,25,50439,62,62,21,308,242,39,None,None,Parent's Coat-Tails,INT ATK to character reduced by 30%
51,Carne,"Cook and member of the ""Gangster Combo"" with Patty. He pilots a naval weapon called ""Mackerel Head #1"". Along with Patty, he often challenges Sanji but is always beaten.",3,2,2,9,5,100,50,261406,94,91,34,650,428,169,None,None,Sea Chef,"After turn, RCV x 3 healed in HP"
53,Gin,"Pirate captured by the Navy who managed to escape. When he arrived at Baratie, he was starving and near death. He was thrown out by Patty but Sanji fed him and saved his life.",3,4,2,8,5,100,35,90778,148,94,24,618,363,98,None,None,Underling Spirit,QCK ATK to character reduced by 30%
55,Pearl,"Krieg Pirates second unit commander. He's called ""Pearl the Iron Wall"" for his strong defense that's capable of withstanding cannons. He has won every battle unscathed without shedding a single drop of blood. ",1,3,2,8,5,100,35,90778,198,84,19,956,296,64,None,None,Iron-Wall Shield Man,STR ATK to character reduced by 30%
63,Hatchan,"Arlong Pirates officer and octopus Fishman. Unlike other Fishmen, he doesn't have a bad impression of humans.",2,2,3,8,8,200,35,136167,88,88,47,588,387,143,None,None,Six-Sword Style User,DEX ATK to character reduced by 30%
78,Red Robber Penguin,Penguin with a penchant for stealing. Be careful when approaching it as it may suddenly head butt you.,1,6,1,1,5,100,1,0,20,10,20,20,10,20,None,None,None,None
79,Blue Robber Penguin,"Penguin with a penchant for stealing. It has a calm temperament and sleeps a lot. If woken, it gets quite vicious and will attack.",3,6,1,1,5,100,1,0,20,10,20,20,10,20,None,None,None,None
80,Green Robber Penguin,"Penguin with a penchant for stealing. Always on high alert, when it sees a human, it tries to intimidate them.",2,6,1,1,5,100,1,0,20,10,20,20,10,20,None,None,None,None
81,Yellow Robber Penguin,"Penguin with a penchant for stealing. Normally quiet and absent-minded, when it is hungry it can become the most violent of all penguins.",4,6,1,1,5,100,1,0,20,10,20,20,10,20,None,None,None,None
82,Black Robber Penguin,"Penguin with a penchant for stealing. Though it doesn't particularly want the items, it will attack viciously if they are taken back.",5,6,1,1,5,100,1,0,20,10,20,20,10,20,None,None,None,None
83,Rainbow Robber Penguin,Penguin with a penchant for stealing. Very little is known about them since they rarely show themselves to humans.,5,6,3,1,5,100,1,0,20,20,50,20,20,50,None,None,None,None
84,Red Pirate Penguin,"Evolved form of Red Robber Penguin. It often carries its favorite food, Bluefin tuna. It loves to play and, if approached, will swing the fish in excitement. ",1,6,2,3,6,120,1,0,30,20,180,30,20,180,None,None,None,None
85,Blue Pirate Penguin,"Evolved form of Blue Robber Penguin. Almost always sleeping. Its main food is skipjack tuna. Wakes up very grumpily and may attack, so be careful.",3,6,2,3,6,120,1,0,30,20,180,30,20,180,None,None,None,None
86,Green Pirate Penguin,"Evolved form of Green Robber Penguin. If it senses any danger, it goes on a rampage. Quite smart, and its main food is yellowtail tuna.",2,6,2,3,6,120,1,0,30,20,180,30,20,180,None,None,None,None
87,Yellow Pirate Penguin,Evolved form of Yellow Robber Penguin. They say that its odd behavior increases along with its growth. Its main food is mackerel.,4,6,2,3,6,120,1,0,30,20,180,30,20,180,None,None,None,None
88,Black Pirate Penguin,"Evolved form of Black Robber Penguin. It can't catch fish on its own, so it steals them from fishermen's nets or takes other animals' food. Its favorite food is sea bream.",5,6,2,3,6,120,1,0,30,20,180,30,20,180,None,None,None,None
89,Red Hermit Crab,Giant red hermit crab. Aggressively attacks by ramming with its hard shell. Legends say you'll get good luck if you drink broth made by boiling its shell.,1,6,1,1,5,250,1,0,50,180,0,50,180,0,None,None,None,None
90,Blue Hermit Crab,Giant blue hermit crab. It loves coconuts but hates humans. Legends say you'll get good luck if you drink broth made by boiling its shell.,3,6,1,1,5,250,1,0,50,180,0,50,180,0,None,None,None,None
91,Green Hermit Crab,Giant green hermit crab. It's extremely wary and doesn't show itself to humans. Legends say you'll get good luck if you drink broth made by boiling its shell.,2,6,1,1,5,250,1,0,50,180,0,50,180,0,None,None,None,None
92,Yellow Hermit Crab,Giant yellow hermit crab. Its shiny shell is a popular item for interior design. Legends say you'll get good luck if you drink broth made by boiling its shell.,4,6,1,1,5,250,1,0,50,180,0,50,180,0,None,None,None,None
93,Black Hermit Crab,"Giant black hermit crab. Its hard shell can be worn, as is, as a helmet. Legends say you'll get good luck if you drink broth made by boiling its shell.",5,6,1,1,5,250,1,0,50,180,0,50,180,0,None,None,None,None
94,Rainbow Hermit Crab,Giant rainbow hermit crab. It's highly rare and very few can be found on the ocean floor. Legends say you'll get good luck if you drink broth made by boiling its shell.,5,6,2,3,5,250,1,0,50,280,0,50,150,0,None,None,None,None
95,Red Armored Crab,"Giant ferocious red armored crab. Its powerful claws can crush a galleon. It brings good luck but, despite its size, doesn't have much meat on it for eating.",1,6,2,2,5,500,1,0,50,300,0,50,300,0,None,None,None,None
96,Blue Armored Crab,"Giant ferocious blue armored crab. Its shell is so hard that weapons can't penetrate it. It brings good luck but, despite its size, doesn't have much meat on it for eating.",3,6,2,2,5,500,1,0,50,300,0,50,300,0,None,None,None,None
97,Green Armored Crab,"Giant ferocious green armored crab. It's very territorial and attacks anything that approaches. It brings good luck but, despite its size, doesn't have much meat on it for eating.",2,6,2,2,5,500,1,0,50,300,0,50,300,0,None,None,None,None
98,Yellow Armored Crab,"Giant ferocious yellow armored crab. Its shiny shell is as beautiful as a precious gem. It brings good luck but, despite its size, doesn't have much meat on it for eating.",4,6,2,2,5,500,1,0,50,300,0,50,300,0,None,None,None,None
99,Black Armored Crab,"Giant ferocious black armored crab. Its hard black shell can be used to make armor. It brings good luck but, despite its size, doesn't have much meat on it for eating.",5,6,2,2,5,500,1,0,50,300,0,50,300,0,None,None,None,None
100,Red Striped Dragon,Red striped dragon. Eating one of its scales is said to grant new strength. It's the fiercest of all the giant Neptunians.,1,6,3,12,4,2000,1,0,500,500,50,500,500,50,None,None,None,None
101,Blue Striped Dragon,Blue striped dragon. Eating one of its scales is said to grant new strength. It swims so quickly that no one has ever actually seen it.,3,6,3,12,4,2000,1,0,500,500,50,500,500,50,None,None,None,None
102,Green Striped Dragon,"Green striped dragon. Eating one of its scales is said to grant new strength. As an herbivore, it is the most gentle-natured of all dragons.",2,6,3,12,4,2000,1,0,500,500,50,500,500,50,None,None,None,None
103,Yellow Striped Dragon,Yellow striped dragon. Eating one of its scales is said to grant new strength. It is said to have the intelligence of humans.,4,6,3,12,4,2000,1,0,500,500,50,500,500,50,None,None,None,None
104,Black Striped Dragon,Black striped dragon. Eating one of its scales is said to grant new strength. It has an extremely ferocious nature.,5,6,3,12,4,2000,1,0,500,500,50,500,500,50,None,None,None,None
105,Red Treasure Turtle,Giant red-shelled turtle. It instinctively slams into anything that shines. It improves brain functioning if cooked and eaten.,1,5,3,1,6,1500,1,0,100,10,10,100,10,10,None,None,None,None
106,Blue Treasure Turtle,"Giant blue-shelled turtle. Unlike other turtles, it can move quickly even on land. It improves brain functioning if cooked and eaten.",3,5,3,1,6,1500,1,0,100,10,10,100,10,10,None,None,None,None
107,Green Treasure Turtle,Giant green-shelled turtle. It gathers with others on the same beach and lays a large number of eggs. It improves brain functioning if cooked and eaten.,2,5,3,1,6,1500,1,0,100,10,10,100,10,10,None,None,None,None
108,Yellow Treasure Turtle,"Giant yellow-shelled turtle. Because of its incautious nature, it can sometimes be found sunbathing on the beach. It improves brain functioning if cooked and eaten.",4,5,3,1,6,1500,1,0,100,10,10,100,10,10,None,None,None,None
109,Black Treasure Turtle,"Giant black-shelled turtle. It floats on the surface, pretending to be dead, and then bites whatever touches it. It improves brain functioning if cooked and eaten.",5,5,3,1,6,1500,1,0,100,10,10,100,10,10,None,None,None,None
110,Red Daimyo Turtle,"Hundred-year-old red-shelled turtle. Some places still have fables about it spitting fire. As food, it's highly nutritious and can improve memory. ",1,5,4,2,5,15000,1,0,500,20,20,500,20,20,None,None,None,None
111,Blue Daimyo Turtle,"Hundred-year-old blue-shelled turtle. If approached, it pulls in its limbs and spins fast to intimidate. As food, it's highly nutritious and can improve memory. ",3,5,4,2,5,15000,1,0,500,20,20,500,20,20,None,None,None,None
112,Green Daimyo Turtle,"Hundred-year-old green-shelled turtle. It can propel itself out of water to capture its prey on the surface. As food, it's highly nutritious and can improve memory. ",2,5,4,2,5,15000,1,0,500,20,20,500,20,20,None,None,None,None
113,Yellow Daimyo Turtle,"Hundred-year-old yellow-shelled turtle. When it locates a ship, it swims around the area. As food, it's highly nutritious and can improve memory. ",4,5,4,2,5,15000,1,0,500,20,20,500,20,20,None,None,None,None
114,Black Daimyo Turtle,"Hundred-year-old black-shelled turtle. It floats to the surface of the ocean at night and submerges back in the morning. As food, it's highly nutritious and can improve memory.",5,5,4,2,5,15000,1,0,500,20,20,500,20,20,None,None,None,None
115,Sea Pony,"A very delicious type of fish. Very expensive due to the difficulty in catching it. Besides being very nutritious, it's a great source for evolving new types of fish.",4,6,1,2,5,50,1,0,20,20,20,20,20,10,None,None,None,None
116,Sea Colt,"Evolved Sea Pony and extremely delicious. Since they're hard to even find, it's an ultra-luxury food item that most will never taste. Highly effective as a restorative drug.",4,6,2,4,5,200,1,0,50,50,50,50,50,20,None,None,None,None
117,Sea Horse,"Evolved Sea Colt and legendary material. So delicious that once you eat it, you'll never be able to eat another fish. Eat it and you'll never suffer from any illness again.",4,6,3,6,4,500,1,0,100,100,100,100,100,40,None,None,None,None
118,Sea Stallion,Legendary creature said to be the guardian of the sea. No one knows where it lives. It is said to confer long life.,4,6,4,8,4,1000,1,0,150,150,150,150,150,60,None,None,None,None
189,Red Elder Turtle,Thousand-year-old red-shelled turtle. Records say it moved an island after colliding into it. Its shell is used to make medicine for improving intelligence.,1,5,5,4,4,150000,1,0,1000,30,30,1000,30,30,None,None,None,None
190,Blue Elder Turtle,"Thousand-year-old blue-shelled turtle. Due to its rapid rising and submerging, it can create whirlpools. Its shell is used to make medicine for improving intelligence. ",3,5,5,4,4,150000,1,0,1000,30,30,1000,30,30,None,None,None,None
191,Green Elder Turtle,Thousand-year-old green-shelled turtle. It sleeps for such long periods that it is commonly mistaken for an island. Its shell is used to make medicine for improving intelligence.,2,5,5,4,4,150000,1,0,1000,30,30,1000,30,30,None,None,None,None
192,Yellow Elder Turtle,Thousand-year-old yellow-shelled turtle. Its curious nature causes it to chase after ships or other living creatures. Its shell is used to make medicine for improving intelligence.,4,5,5,4,4,150000,1,0,1000,30,30,1000,30,30,None,None,None,None
193,Black Elder Turtle,Thousand-year-old black-shelled turtle. It lives deep in the ocean and so is rarely seen. Its shell is used to make medicine for improving intelligence.,5,5,5,4,4,150000,1,0,1000,30,30,1000,30,30,None,None,None,None
201,Miss Valentine,Baroque Works agent. She uses Kilo-Kilo Fruit and is friend with Mr. 5. Her mission at Whiskey Peak was ruined when she got wrapped up in a fight between Luffy and Zoro.,3,1,3,11,5,100,35,136167,120,114,34,860,488,144,None,None,"1,000 Kilo Body",Fighter-class characters' HP x 1.5
203,Mr. 3,Baroque Works officer agent. Selected as No. 3 due to his ability to execute highly detailed plans. Eating the Wax-Wax Fruit turned him into a Candle Man. His friend is Miss Goldenweek.,5,2,3,11,4,100,35,136167,196,100,26,926,515,120,None,None,Sculptor,INT ATK to character reduced by 10%
205,Miss Goldenweek,"Baroque Works agent. She's not a Devil Fruit user, but is a painter that is able to turn emotional colors into reality. She's friends with Mr. 3.",2,3,3,11,5,100,35,136167,51,51,81,301,301,305,None,None,Realist Painter,DEX type characters' HP and RCV x 1.2
207,Mr. 2 Bon Clay,"Baroque Works officer agent. Clone-Clone Fruit user. As a cross- dresser, he has both a male and female code name. Friendship is very important to him.",4,1,3,11,5,100,35,136167,94,93,46,690,403,201,None,None,Oh Come My Way Karete User,PSY ATK to character reduced by 10%
211,Mr. 9,"An agent of the shadowy Baroque Works organization. Hunted for Island Whale meat with his partner, Ms. Wednesday. A self-titled king.",3,3,2,10,5,100,35,90778,106,88,33,490,313,136,None,None,Acrobatter,Boosts ATK of Striker-type characters by 1.2x
233,Mr. 8,"An agent for the shadowy Baroque Works organization. He led a team of 100 bounty hunters as they pursued the Straw Hats, but ultimately wasn't even a match for Zoro alone.",4,4,2,10,5,100,35,90778,178,55,32,530,248,151,None,None,Heart of a Uniter,Boosts HP of PSY characters by 1.5x
235,Miss Monday,"An agent for the shadowy Baroque Works organization. Mr. 8's partner, she disguised herself as a nun at Whiskey Peak, where she held a drinking contest with Nami while secretly drinking plain old fizzy tea.",1,1,2,10,4,100,35,90778,66,126,27,350,500,97,None,None,A Bounty Hunter's Power,Boosts ATK of Fighter-class characters by 1.2x
266,Rainbow Pirate Penguin,"Adult form of Rainbow Robber Penguin. It's extremely rare and hardly ever shows itself to humans. In some regions, it is called the ""Messenger of the Gods.""",5,6,4,6,6,120,1,0,200,100,300,200,100,300,None,None,None,None
342,Red Jeweled Porc,A wild pig native to the coast. Adults are rich sources of nutrients and excellent for promoting growth. Its favorite scarf color is red.,1,5,2,2,4,200,10,2330,45,27,7,129,77,15,None,None,None,None
343,Blue Jeweled Porc,A wild pig native to the coast. Adults are rich sources of nutrients and excellent for promoting growth. Its favorite scarf color is blue.,3,5,2,2,4,200,10,2330,49,21,9,145,65,19,None,None,None,None
344,Green Jeweled Porc,A wild pig native to the coast. Adults are rich sources of nutrients and excellent for promoting growth. Its favorite scarf color is green.,2,5,2,2,4,200,10,2330,47,25,8,133,72,17,None,None,None,None
345,Yellow Jeweled Porc,A wild pig native to the coast. Adults are rich sources of nutrients and excellent for promoting growth. Its favorite scarf color is yellow.,4,5,2,2,4,200,10,2330,44,19,12,120,58,28,None,None,None,None
346,Black Jeweled Porc,A wild pig native to the coast. Adults are rich sources of nutrients and excellent for promoting growth. Its favorite scarf color is purple.,5,5,2,2,4,200,10,2330,42,30,7,119,88,14,None,None,None,None
347,Ruby Jeweled Porc,"Boss of the wild pigs native to the coast. Though violent and mischievous, it gets away with everything thanks to its cuteness. Its favorite color is red. The ruby it wears around its neck is passed down from boss pig to boss pig.",1,5,3,5,4,2000,1,0,169,97,22,169,97,22,None,None,None,None
348,Sapphire Jeweled Porc,"Boss of the wild pigs native to the coast. Restless and impetuous, it can never stay in the same place for more than 3 seconds. Its favorite color is blue. The sapphire it wears around its neck is passed down from boss pig to boss pig.",3,5,3,5,4,2000,1,0,185,85,26,185,85,26,None,None,None,None
349,Emerald Jeweled Porc,"Boss of the wild pigs native to the coast. Gentle and easygoing, it rarely attacks of its own volition. Its favorite color is green. The emerald it wears around its neck is passed down from boss pig to boss pig.",2,5,3,5,4,2000,1,0,173,92,24,173,92,24,None,None,None,None
350,Topaz Jeweled Porc,Boss of the wild pigs native to the coast. Rumor says that it will rescue any shipwreck survivors it finds on the beach. Its favorite color is yellow. The topaz it wears around its neck is passed down from boss pig to boss pig.,4,5,3,5,4,2000,1,0,160,78,35,160,78,35,None,None,None,None
351,Amethyst Jeweled Porc,Boss of the wild pigs native to the coast. Plots with its pack on the best ways to steal food from nearby houses. Its favorite color is purple. The amethyst it wears around its neck is passed down from boss pig to boss pig.,5,5,3,5,4,2000,1,0,159,108,21,159,108,21,None,None,None,None
43,One-Two Django,"Black Cat Pirate captain. Sometimes when he does One, Two Django hypnotism, he accidentally puts himself under its spell.",2,2,2,8,5,100,35,90778,118,64,39,556,271,139,"One, Two, Django",Changes [RCV] slot to [DEX] slot,Accidental Hypnotism,Damage taken reduced by 10%
18,Sanji Plastic Surgery Shot,"Straw Hat Pirates chef. He fights with his legs so as not to injure his cooking hands. He can use his kicks to make someone's face more handsome, but can't change the ""structure of the heart"".",3,1,4,7,5,200,35,136167,486,207,32,907,496,125,Plastic Surgery Shot,"For 2 turns, halves all enemies' DEF",Kicking Cook,QCK type characters' HP x 1.5
258,Blamenco,"6th division commander of the Whitebeard Pirates. In response to Whitebeard referring to his crew as his sons, Blamenco and his subordinates lovingly call him ""Pops"" in return.",1,3,4,18,4,500,50,392109,204,192,34,1150,775,150,Pocket Mallet,Changes DEX and QCK slots to STR slots,Strange Bulk,Doubles STR character ATK and RCV
259,Blamenco the Mallet,6th division commander of the Whitebeard Pirates. Endowed with powers that enable him to store objects of any size in pockets on his body. Takes out a hammer from pockets on his body to fight.,1,3,5,28,4,1000,99,4000000,1086,726,112,2488,1252,268,Pocket Mallet,Changes DEX and QCK slots to STR slots,Strange Bulk,Doubles STR character ATK and RCV
215,Neptunian Squid,"A large squid that attacked the Merry Go inside Laboon's stomach. It was quickly dispatched by a harpoon from Crocus, keeper of the Twin Capes Lighthouse.",2,3,3,18,8,200,50,392109,600,280,130,900,480,180,Poison Ink,Poisons all enemies,Mollusk Body,Boosts energy of Striker-type characters by 1.5x
67,Tashigi,"Swordfighter and petty officer under Smoker. She looks exactly like Zoro's childhood friend, Kuina. Her dream is to take back all named swords from villains. Her own sword is named ""Downpour"". ",3,2,3,9,5,400,50,392109,102,102,41,690,483,272,Quick Draw,25x character's ATK in QCK damage to one enemy,Sword Maniac,Slasher-class characters' RCV x 1.5
68,Tashigi Navy HQ Ensign,"Marine officer and Smoker's assistant. Once she learns about Crocodile's Alabasta plan, she works with the Straw Hat Pirates to stop him. As a result, she's promoted to the rank of ensign.",3,2,4,15,5,500,99,3000000,632,431,222,1434,921,434,Quick Draw,25x character's ATK in QCK damage to one enemy,Sword Freak,Slasher-class characters' RCV x 2
254,Vista,5th division commander of the Whitebeard Pirates. Has been a member of the Whitebeard Pirates for over 20 years.,5,2,4,18,5,500,50,392109,290,206,15,1388,806,100,Rose Rondo,5000 damage to all enemies,Flower Sword Aura,Doubles INT character ATK and HP
255,Flower Sword Vista,"5th division commander of the Whitebeard Pirates. Two-Sword Style swordsman. Also known as ""Flower Sword Vista."" His skills are good enough to be recognized by Mihawk, the greatest swordsman in the world. Uses Armament Haki.",5,2,5,28,5,1000,99,4000000,1314,732,72,2840,1325,185,Rose Rondo,5000 damage to all enemies,Flower Sword Aura,Doubles INT character ATK and HP
23,Tony Tony Chopper Brain Point,Straw Hat Pirates doctor. A reindeer that ate the Human-Human Devil Fruit. Brain Point turns him into human form where he can analyze his enemy's weaknesses.,5,1,4,9,5,200,50,392109,258,198,91,520,454,302,Scope,Changes neighboring character's slot to [RCV] slot,Cure-All Doctor [INT],INT type characters' RCV x 1.5
260,Edward Newgate,"Captain of the Whitebeard Pirates and one of the Four Emperors. The strongest pirate in the world, he was able to hold his own against Pirate King Roger and is said to be the one closest to the One Piece.",1,3,5,40,4,500,70,1422664,1338,522,80,3220,1060,156,Seaquake,Reduces HP of all enemies by 30%,The Power to Destroy the World,Boosts crew's ATK by 3x when remaining HP is low
261,Whitebeard,Captain of the Whitebeard Pirates and one of the Four Emperors. Real name: Edward Newgate. Endowed with Tremor-Tremor Fruit powers that enable him to create earthquakes and tsunamis. Can use Conqueror's Haki.,1,3,6,55,4,1000,99,5000000,3148,978,110,3900,1360,235,Seaquake,Reduces HP of all enemies by 30%,The Power to Destroy the World,Boosts crew's ATK by 3x when remaining HP is low
65,Arlong,Sawshark Fishman who controls the Conomi Islands. He formed the Arlong Pirates. His teeth can crush rocks and bombs and grow back quickly if broken.,1,2,3,10,5,10,50,392109,104,152,24,936,930,82,Shark On Darts,7x character's ATK in STR damage to one enemy,Fishman Power,Slasher-class characters' ATK x 2
66,Enraged Arlong Shark On Tooth,"Arlong Pirates captain. Nicknamed ""Arlong the Saw"", he is a Fishman whose eyes resemble a Sea King when he becomes enraged.",1,2,4,15,4,300,99,3000000,832,832,55,1974,1491,154,Shark On Tooth,15x character's ATK in STR damage to one enemy,Frenzy,Slasher-class characters' ATK x 2
127,Slasher Group Cabin Boy Blue Pirates,"Pirate new recruit. He's fast, but sensitive about his lack of power.",3,2,1,3,6,50,15,7532,75,41,11,347,118,31,Shield Crusher,"For 1 turn, halves all enemies' DEF",None,None
137,Shooter Group Cabin Boy Blue Pirates,Pirate new recruit. His dream is to become the world's fastest quick draw artist.,3,4,1,3,6,50,10,2330,39,17,25,125,53,80,Shield Crusher,"For 1 turn, halves all enemies' DEF",None,None
148,Slasher Group Crew Blue Pirates,Pirate fighter. Thinks striking and backing up quickly is the best way to fight.,3,2,2,7,5,100,35,90778,184,75,23,659,372,88,Shield Crusher,"For 1 turn, halves all enemies' DEF",None,None
158,Shooter Group Crew Blue Pirates,Pirate fighter. Never lost in a quick draw contest among his friends.,3,4,2,7,5,100,30,57558,75,20,61,299,110,203,Shield Crusher,"For 1 turn, halves all enemies' DEF",None,None
267,Rainbow Striped Dragon,Rainbow striped dragon. Eating one of its scales is said to grant new strength. These scales are so beautiful that they are like enormous jewels.,5,6,4,20,4,2000,1,0,1500,800,100,1500,800,100,Shield Crusher,"For 1 turn, halves all enemies' DEF",Dragon's Might,Entire crew's ATK x 1.5
32,Cabin Boy Coby,"Alvida Pirates former cabin boy. After being rescued by Luffy, he became a marine in Shells Town. His dream is to become a Navy officer.",4,1,3,9,5,200,50,392109,130,49,100,524,155,216,Shooting Spree,Changes [RCV] slot to [TND],Bold Resolve,"After turn, RCV x 2 healed in HP"
30,Iron-Mace Alvida Smooth-Smooth Fruit,"Leader of the Alvida Pirates. She became beautiful by eating the Smooth-Smooth Fruit, but thinks nothing has changed other than having lost her freckles.",1,3,4,15,6,300,99,3000000,766,625,135,1668,999,369,Slip-Slip Tracks,"For 1 turn, reduces damage by 80%",Smooth Body,STR ATK to character reduced by 50%
213,Laboon,"An Island Whale that blocked the Merry Go's progress after she passed the Red Line. Enraged after the bow of the ship broke off, Luffy attacked the whale, who then counterattacked and swallowed the entire ship whole.",1,1,3,18,5,100,50,392109,650,300,150,1100,500,200,Sorrowful Charge,20x character's ATK in STR damage to all enemies,Belief in Friends' Return,Your crew won't get knocked out as long as HP is above a certain level
214,Laboon (Luffy's drawing),"A whale who stubbornly believed that his pirate friends would return. He repeatedly rammed the Red Line in hopes of reuniting with them, but stopped after promising Luffy another battle.",1,1,4,22,5,200,99,3000000,1000,400,160,2500,850,250,Sorrowful Charge,20x character's ATK in STR damage to all enemies,Belief in Friends' Return,Your crew won't get knocked out as long as HP is above a certain level
17,Sanji,"Assistant chef at the ocean-going restaurant, Baratie. His love for women is unmatched. He considers it his duty to feed any hungry person, no matter who they are.",3,1,3,4,6,150,20,26184,136,64,17,506,218,60,Special Fried Rice,Heals character HP by 10x their HP,Womanizing Cook,QCK type characters' ATK x 1.5
1,Monkey D. Luffy,A boy who lives in Fushia Village. His dream is to be like the pirate Shanks. He accidentally ate Shanks' Gum-Gum Fruit and became rubberized.,1,1,2,1,5,50,5,163,42,15,8,134,68,15,Spinning Gum Punch,5x character's ATK in STR damage to one enemy,None,None
34,Cabin Boy Helmeppo,"Son of Axe-Hand Morgan. After his father, Morgan, was beaten by Luffy, the once spoiled Helmeppo joined the Navy as a new recruit.",5,1,3,8,5,200,50,392109,234,210,29,770,485,130,Straw Doll Of Resentment,"For 1 turn, reduces all enemies' DEF to 0",Oedipal Ambition,INT ATK to character reduced by 30%
218,Roronoa Zoro Streaming Wolf Swords,The Three-Sword Style swordsman of the Straw Hat Pirates. Streaming Wolf Swords parries the enemy's attack. His complete lack of direction causes him to get hopelessly lost if left to fend for himself.,2,2,4,15,5,150,50,392109,598,136,5,1902,582,19,Streaming Wolf Swords,Neutralize STR attacks for 1 turn,Attack Parry,Greatly cut damage taken when HP is full
236,Miss Monday Superhuman Brass Knuckles,"An agent for the shadowy Baroque Works organization. Mr. 8's partner, she prides herself in her strength. She let Miss Wednesday go free, reasoning that if she'll be punished for failing the mission either way, she at least wanted to protect a friend.",1,1,3,13,4,200,70,1066998,270,422,71,506,1005,186,Superhuman Brass Knuckles,20x character's ATK in STR damage to 1 foe,The Power to Protect a Friend,Boosts ATK of Fighter-class characters by 1.5x
14,Usopp Tabasco Star,"Straw Hat Pirates sniper. His top skills are lying, sniping and recruiting underlings. Chronic sufferer of ""Can't-get-on-this- island disease"". ",4,4,4,7,6,200,35,136167,286,148,85,627,240,257,Tabasco Star,Delays all enemies' attacks for 2 turns,Brave Sea Sniper,PSY type characters' ATK x 1.5
37,Cabaji the Acrobat,"Buggy Pirates second mate. Nicknamed ""Cabaji the Acrobat"", he is always on his unicycle and uses tops or fire to surprise his foes. The other members of the crew call that his ""carnival show"".",2,2,2,9,6,100,50,261406,134,77,32,824,458,130,The Dance Of A Hundred Kamikaze Tops,5x character's ATK in DEX damage to one enemy,Acrobatic Show,DEX type characters' ATK x 1.5
50,Patty,"Fighter cook at the ocean-going restaurant, Baratie. Even when he tries to be courteous, he winds up insulting customers. He and Carne are called the ""Gangster Combo"".",1,2,2,9,5,100,50,261406,140,65,35,872,314,170,The Meatball Of Doom,5x character's ATK in STR damage to one enemy,Fighting Chef,"After turn, RCV x 3 healed in HP"
6,Roronoa Zoro Three Thousand Worlds,"Three-Sword Style swordsman and member of the Straw Hat Pirates. A swordsman never turns his back on a foe and, after his defeat at the hands of Mihawk, he swore never to lose to him again.",2,2,4,7,6,200,35,136167,426,222,37,899,515,120,Three Thousand Worlds,10x character's ATK in DEX damage to all enemies,Unrelenting Swordsman,DEX type characters' ATK x 1.5
12,Nami Thunderbolt Tempo,"Straw Hat Pirates navigator. With her skill at meteorology, Nami was able to turn her Clima-Tact from a party trick to a masterful tool for controlling weather.",5,3,5,15,4,200,99,3000000,494,437,154,1262,1088,387,Thunderbolt Tempo,15x character's ATK in INT damage to all enemies,Weather-Controlling Navigator,INT type characters' ATK and HP x 1.5
10,Nami Tornado Tempo,Straw Hat Pirates navigator. She's an expert at meteorology and navigation. She left all the money she earned in her thieving days in her home village.,5,3,4,7,5,200,35,136167,336,192,62,783,453,160,Tornado Tempo,15x character's ATK in INT damage to one enemy,Sly Navigator,INT ATK x 1.5
15,Usopp Golden Pound,"Straw Hat Pirates sniper. He's skilled at lying, sniping and recruiting underlings. His pessimistic attitude is unrivaled.",4,4,4,9,6,200,50,392109,444,237,47,1080,648,144,Usopp Golden Pound,Delays all enemies' attacks for 3 turns,Brave Sea Sniper,PSY type characters' ATK x 1.5
222,Usopp Usopp Hammer,"The sniper of the Straw Hat Pirates. Besides his sniper skills, he can also use hammers and other items to stymie foes in a variety of ways. He's a coward, but he has the strength to hold his ground when the time calls for it.",4,3,3,12,5,150,35,136167,188,101,40,778,388,191,Usopp Hammer,Boost PSY attacks by 1.5x for 1 turn,Resolved Sniper,Boost PSY character's ATK by 1.2x
225,Mr. Prince Veau Shot,"The name Sanji called himself when he spoke to Crocodile. He fought against Mr. 3 to rescue his friends, who were held in a cage within Alabasta's Rain Dinners casino. Afterward, he used Mr. 3's powers to open the lock on the cage.",3,1,4,18,5,200,70,1066998,1101,422,93,1600,792,161,Veau Shot,20x character's ATK in SPD damage to 1 foe,Gentlemanly Cook,Score 2 Perfects in a row to boost character's ATK by 2.5x
69,Smoker,"Navy HQ Captain nicknamed ""Smoker the White Hunter"". He uses Plume- Plume Fruit which lets him turn his body into smoke. He's confident in his ability to catch pirates, but can't stop Luffy from escaping in Loguetown",2,3,3,9,5,400,50,392109,110,113,36,944,575,199,White Out,"For 3 turns, reduces damage by 50%",Plume-Plume Body,Damage taken reduced by 20%
70,Smoker the White Hunter,"Navy HQ Captain. Luffy calls him ""Smokey"". He lives in Loguetown but follows the Straw Hat Pirates to the Grand Line. ",2,3,4,15,5,500,99,3000000,872,515,154,1736,1070,334,White Out,"For 3 turns, reduces damage by 50%",White Body,Damage taken reduced by 20%
